{
  "react": {
    "R_inf": 0.058136794389070004,
    "rho_Q": 0.5086025285252634,
    "norm_NR": 0.05813679438907001,
    "horizon_to_delta01": 3,
    "rdc_d5": 0.056158259758352855,
    "rdc_d20": 0.05813671640221974,
    "m": 9
  },
  "reflexion": {
    "R_inf": 0.06948379946822571,
    "rho_Q": 0.6357852012635201,
    "norm_NR": 0.06948379946822573,
    "horizon_to_delta01": 5,
    "rdc_d5": 0.06226548775032733,
    "rdc_d20": 0.06947570679775215,
    "m": 12
  },
  "cot_agent": {
    "R_inf": 0.06843657137189733,
    "rho_Q": 0.5261612767653724,
    "norm_NR": 0.06843657137189735,
    "horizon_to_delta01": 3,
    "rdc_d5": 0.06567673930148057,
    "rdc_d20": 0.06843639037718079,
    "m": 10
  },
  "toolformer": {
    "R_inf": 0.44974651847005354,
    "rho_Q": 0.44217217049265195,
    "norm_NR": 0.4497465184700537,
    "horizon_to_delta01": 5,
    "rdc_d5": 0.442144571475139,
    "rdc_d20": 0.4497464817590786,
    "m": 10
  },
  "babyagi": {
    "R_inf": 0.2852823663462913,
    "rho_Q": 0.6560154609576754,
    "norm_NR": 0.28528236634629134,
    "horizon_to_delta01": 8,
    "rdc_d5": 0.2506210299799875,
    "rdc_d20": 0.28522019984487507,
    "m": 12
  },
  "autogpt": {
    "R_inf": 0.3865645526910395,
    "rho_Q": 0.36969568977385714,
    "norm_NR": 0.3865645526910396,
    "horizon_to_delta01": 4,
    "rdc_d5": 0.383894966399053,
    "rdc_d20": 0.3865645518117947,
    "m": 5
  },
  "agentbench": {
    "R_inf": 0.3262055665693638,
    "rho_Q": 0.6543090016887382,
    "norm_NR": 0.3262055665693638,
    "horizon_to_delta01": 9,
    "rdc_d5": 0.2870849362447716,
    "rdc_d20": 0.32613809057843357,
    "m": 10
  }
}