{
  "5": {
    "max_err": 0.004380136633953813,
    "mean_err": 0.0009625413160876903,
    "p99_err": 0.0032128921397557293,
    "n_chains": 500
  },
  "10": {
    "max_err": 0.005094906380983311,
    "mean_err": 0.0010498425840678146,
    "p99_err": 0.003939862468726494,
    "n_chains": 500
  },
  "50": {
    "max_err": 0.00415658473116487,
    "mean_err": 0.0010167084670125383,
    "p99_err": 0.0034492608149154507,
    "n_chains": 500
  },
  "100": {
    "max_err": 0.0035780560568315356,
    "mean_err": 0.0009793166429071082,
    "p99_err": 0.003254470703338503,
    "n_chains": 500
  },
  "500": {
    "max_err": 0.00465572950969384,
    "mean_err": 0.0009742610250212784,
    "p99_err": 0.003257434118258889,
    "n_chains": 500
  }
}