{
  "5": {
    "max_err": 0.013442115736310378,
    "mean_err": 0.003661959580120746,
    "p99_err": 0.013315294345600361,
    "n_chains": 50
  },
  "10": {
    "max_err": 0.008283803202865259,
    "mean_err": 0.0028707508201705283,
    "p99_err": 0.007760555681414234,
    "n_chains": 50
  },
  "50": {
    "max_err": 0.011992381875970681,
    "mean_err": 0.0027814900266585852,
    "p99_err": 0.010251652041070642,
    "n_chains": 50
  },
  "100": {
    "max_err": 0.010281779390750423,
    "mean_err": 0.0033158943098173257,
    "p99_err": 0.010224436968075977,
    "n_chains": 50
  },
  "500": {
    "max_err": 0.008078245171390996,
    "mean_err": 0.003113617585719119,
    "p99_err": 0.0078107086384303324,
    "n_chains": 50
  }
}