{
  "ratios": [
    1.3011622421752531,
    1.9326442908306993,
    1.465476065466463,
    1.6542188543846341,
    1.2879797669110884,
    2.0996339209722064,
    3.2405031505360986,
    2.727072185121205,
    1.4861687906957872,
    1.8801425281858866
  ],
  "eps_vals": [
    0.0,
    0.014000000000000002,
    0.028000000000000004,
    0.04200000000000001,
    0.05600000000000001,
    0.07,
    0.08400000000000002,
    0.09800000000000002,
    0.11200000000000002,
    0.12600000000000003,
    0.14,
    0.15400000000000003,
    0.16800000000000004,
    0.18200000000000002,
    0.19600000000000004,
    0.21000000000000002,
    0.22400000000000003,
    0.23800000000000004,
    0.25200000000000006,
    0.266,
    0.28
  ]
}