{
  "eps_sequence": [
    0.02,
    0.01,
    0.005
  ],
  "lambda_target": 2.0,
  "summary": [
    {
      "eps": 0.02,
      "d_n": 100,
      "ks": 0.00370976108432558,
      "ks_scaled": 0.03728263748154664,
      "p_approx": 1.994447740958119,
      "pass": true
    },
    {
      "eps": 0.01,
      "d_n": 200,
      "ks": 0.0018470998982131337,
      "ks_scaled": 0.02618716068667569,
      "p_approx": 1.9972588107085987,
      "pass": true
    },
    {
      "eps": 0.005,
      "d_n": 400,
      "ks": 0.0009216194452753013,
      "ks_scaled": 0.01845541500930638,
      "p_approx": 1.998638054561811,
      "pass": true
    }
  ]
}