{
  "power": {
    "p_values": [
      0.9999996832861573,
      0.9784394645753782,
      0.9891665606849712,
      0.8627570804968868,
      0.9291748595271886,
      0.9999947069810609,
      0.9999927635470267,
      0.7941645203440828,
      0.9999791527991632,
      0.9999952428006417,
      0.9558331279301052,
      0.9997607010913696,
      0.9999957298197272,
      0.99226653120623,
      0.9999996832861573,
      0.9864063338092443,
      0.9983981416835044,
      0.9891665606849712,
      0.99853959488077,
      0.9190624977731011,
      0.9999999999999817,
      0.9874942464594345,
      0.9997756489098484,
      0.9980824225507097,
      0.9932116374262498,
      0.5349358940339614,
      0.9968309771977842,
      0.975759214610296,
      0.9983981416835042,
      0.8993131574825322
    ],
    "mean_p": 0.9592298092520681,
    "fraction_retain_null_at_0.05": 1.0,
    "n_reps": 30
  },
  "specificity": {
    "p_values_ks": [
      0.2785397520139582,
      0.6285528801695595,
      0.6723688623101216,
      0.6171482394320105,
      0.542262769748249,
      0.8045503431160899,
      0.5149851478738994,
      0.9280876723101311,
      0.9462373691248863,
      0.5006732879582347,
      0.581266915896241,
      0.7177709161256498,
      0.7639196576948211,
      0.6190472357880158,
      0.8458077546401279
    ],
    "delta_aic": [
      1227.9162772863301,
      1099.1929708423904,
      1172.5157993195971,
      1543.9472642753371,
      1445.6870660786217,
      1385.6445465418874,
      1572.675976542313,
      1275.7139077334614,
      1394.173080333332,
      1246.5052321241055,
      1404.8281915945254,
      1366.8671218436712,
      1305.4473684342065,
      1314.750752520864,
      1300.4288765315914
    ],
    "fraction_reject_ks_at_0.05": 0.0,
    "fraction_reject_aic": 1.0,
    "fraction_reject_composite": 1.0,
    "n_reps": 15,
    "memory_strength": 0.6
  },
  "applied_mast": {
    "react": {
      "ks_stat": 0.0232,
      "ks_pvalue": 0.9655034264423153,
      "n_emp": 500.0,
      "n_model": 5000.0,
      "silhouette": 1.0,
      "first_order_preferred": 1.0,
      "m_fitted": 9.0
    },
    "reflexion": {
      "ks_stat": 0.03799999999999992,
      "ks_pvalue": 0.5200713898880888,
      "n_emp": 500.0,
      "n_model": 5000.0,
      "silhouette": 1.0,
      "first_order_preferred": 1.0,
      "m_fitted": 12.0
    },
    "cot_agent": {
      "ks_stat": 0.03620000000000001,
      "ks_pvalue": 0.5831089142390044,
      "n_emp": 500.0,
      "n_model": 5000.0,
      "silhouette": 1.0,
      "first_order_preferred": 1.0,
      "m_fitted": 10.0
    },
    "toolformer": {
      "ks_stat": 0.024600000000000066,
      "ks_pvalue": 0.9435474249611221,
      "n_emp": 500.0,
      "n_model": 5000.0,
      "silhouette": 1.0,
      "first_order_preferred": 1.0,
      "m_fitted": 10.0
    },
    "babyagi": {
      "ks_stat": 0.028400000000000092,
      "ks_pvalue": 0.8520848140087763,
      "n_emp": 500.0,
      "n_model": 5000.0,
      "silhouette": 1.0,
      "first_order_preferred": 1.0,
      "m_fitted": 12.0
    },
    "autogpt": {
      "ks_stat": 0.024399999999999977,
      "ks_pvalue": 0.9470897252370887,
      "n_emp": 500.0,
      "n_model": 5000.0,
      "silhouette": 1.0,
      "first_order_preferred": 1.0,
      "m_fitted": 5.0
    },
    "agentbench": {
      "ks_stat": 0.023799999999999932,
      "ks_pvalue": 0.956903146724315,
      "n_emp": 500.0,
      "n_model": 5000.0,
      "silhouette": 1.0,
      "first_order_preferred": 1.0,
      "m_fitted": 10.0
    }
  }
}